benchmark,base,incr
bs,68868,0.0092
bsort100,343380,0.79
crc,199022,0.51
expint,77853,0.045
fft2,51888,0.00069
insertsort,72605,0.032
jfdctint,172028,0.032
lcdnum,58263,0.0048
matmult,483661,0.83
minver,49828,.00096
qurt,51888,0.00069
select,49828,0.00096
simple,51888,0.00093
sqrt,49840,0.00024
ns,86524,0.26
nsichneu,1891051,0.7
statemate,264185,0.0053
ud,135317,0.042
